-- MySQL dump 10.13  Distrib 8.0.34, for Win64 (x86_64)
--
-- Host: 127.0.0.1    Database: project
-- ------------------------------------------------------
-- Server version	8.0.34

/*!40101 SET @OLD_CHARACTER_SET_CLIENT=@@CHARACTER_SET_CLIENT */;
/*!40101 SET @OLD_CHARACTER_SET_RESULTS=@@CHARACTER_SET_RESULTS */;
/*!40101 SET @OLD_COLLATION_CONNECTION=@@COLLATION_CONNECTION */;
/*!50503 SET NAMES utf8mb4 */;
/*!40103 SET @OLD_TIME_ZONE=@@TIME_ZONE */;
/*!40103 SET TIME_ZONE='+00:00' */;
/*!40014 SET @OLD_UNIQUE_CHECKS=@@UNIQUE_CHECKS, UNIQUE_CHECKS=0 */;
/*!40014 SET @OLD_FOREIGN_KEY_CHECKS=@@FOREIGN_KEY_CHECKS, FOREIGN_KEY_CHECKS=0 */;
/*!40101 SET @OLD_SQL_MODE=@@SQL_MODE, SQL_MODE='NO_AUTO_VALUE_ON_ZERO' */;
/*!40111 SET @OLD_SQL_NOTES=@@SQL_NOTES, SQL_NOTES=0 */;

--
-- Table structure for table `admins`
--

DROP TABLE IF EXISTS `admins`;
/*!40101 SET @saved_cs_client     = @@character_set_client */;
/*!50503 SET character_set_client = utf8mb4 */;
CREATE TABLE `admins` (
  `userID` int NOT NULL,
  `userName` varchar(30) NOT NULL,
  `admin` varchar(20) NOT NULL,
  `password` varchar(20) NOT NULL,
  PRIMARY KEY (`userID`)
) ENGINE=InnoDB DEFAULT CHARSET=utf8mb4 COLLATE=utf8mb4_0900_ai_ci;
/*!40101 SET character_set_client = @saved_cs_client */;

--
-- Dumping data for table `admins`
--

LOCK TABLES `admins` WRITE;
/*!40000 ALTER TABLE `admins` DISABLE KEYS */;
INSERT INTO `admins` VALUES (500,'张伟','3286495','wsi74xi67ai'),(501,'王婷','1957386','u7bvb6l5p34'),(502,'李明','7652931','h2a9t5s1f7'),(503,'刘洋','8321596','q3i8f9n4r2'),(504,'陈磊','4698527','p0a8s6t4r37'),(505,'杨晓婷','1275389','u8bva6l4p53'),(506,'黄艳','9854216','p1a9s5t4r26'),(507,'赵勇','6518473','u9bvb5l4p13'),(508,'王佳音','5749163','p2a8s7t5r14'),(509,'李晓磊','2968317','u5bva9l4p63'),(510,'张璐','4832659','h1a5t6f3e4'),(511,'王婷婷','1756832','h0a4t7f6s1'),(512,'李俊杰','9641285','h3a6t4f5s2'),(513,'刘杰','3852167','h4a7t6f5s3'),(514,'陈小芳','6492851','h5a4t6f2s3'),(515,'刘小刚','2835496','h6a3t8f4s5'),(516,'李萍','5296381','h7a2t5f3s4'),(517,'王志强','7461839','h1a9t6f4s2'),(518,'张丽丽','1584927','h2a8t4f5s1'),(519,'杨军','9627584','k6o1q8e7n5'),(520,'李小刚','3579241','e3i7f5n2r1'),(521,'刘宇航','8793156','q2i9f8n3r4'),(522,'王燕妮','4168527','e2i8f7n1r3'),(523,'李子豪','1795328','q1i9f4n2r4'),(524,'刘梓良','9546821','e1i9f5n3r2'),(525,'王玉兰','3487169','q0i7f6n4r1'),(526,'李金龙','8649521','e0i8f9n1r5'),(527,'刘秋香','6357942','q4i5f8n3r0'),(528,'王志伟','2864951','e3i4f9n0r5'),(529,'张兰英','5946187','u4o1q7e8n6'),(530,'李梅','7538492','l4s1m9p2f8'),(531,'王明阳','1483659','u6o2q9e8n7'),(532,'郭小华','9753286','k5o3q7e9n6'),(533,'刘小军','2948571','u5o4q8e6n9'),(534,'陈小丽','4796352','k8o1q6e5n7'),(535,'李爱华','1685943','u8o3q4e6n5'),(536,'张志强','7529684','k9o2q5e4n6'),(537,'王秀英','5492716','u9o4q3e5n6'),(538,'陈伟','2867549','k7o0q6e4n9'),(539,'杨帆','9651874','l5s0m8p3f9'),(540,'张博','3594682','l3s2m9p4f7'),(541,'王晶','8479521','l4s1m8p5f6'),(542,'李华','6392548','l2s3m7p4f6'),(543,'高芳','1976485','l1s4m6p7f9'),(544,'王刚','7584926','l3s1m5p9f8'),(545,'李红梅','3468597','l2s4m8p6f7'),(546,'张磊','8753216','l1s6m7p5f8'),(547,'王琳','6498532','l0s5m6p4f9'),(548,'李华阳','1627598','p3a6s8t4r07'),(549,'刘婷婷','9576418','u8bvb7l5p43'),(550,'陈思','8547136','p4a7s6t5r06');
/*!40000 ALTER TABLE `admins` ENABLE KEYS */;
UNLOCK TABLES;

--
-- Table structure for table `dining`
--

DROP TABLE IF EXISTS `dining`;
/*!40101 SET @saved_cs_client     = @@character_set_client */;
/*!50503 SET character_set_client = utf8mb4 */;
CREATE TABLE `dining` (
  `id` int NOT NULL,
  `diningname` varchar(30) NOT NULL,
  `windowname` varchar(30) NOT NULL,
  `picUrl` varchar(255) NOT NULL,
  `diningid` int NOT NULL
) ENGINE=InnoDB DEFAULT CHARSET=utf8mb4 COLLATE=utf8mb4_0900_ai_ci;
/*!40101 SET character_set_client = @saved_cs_client */;

--
-- Dumping data for table `dining`
--

LOCK TABLES `dining` WRITE;
/*!40000 ALTER TABLE `dining` DISABLE KEYS */;
INSERT INTO `dining` VALUES (1,'中心食堂','大众餐早餐类','https://picss.sunbangyan.cn/2023/09/17/f68n35.jpg',796533),(2,'中心食堂','大众餐菜类','https://picdm.sunbangyan.cn/2023/09/17/f6usex.jpg',796533),(3,'中心食堂','大众餐米线类','https://picss.sunbangyan.cn/2023/09/17/f7677q.jpg',796533),(4,'中心食堂','面铺','https://picdl.sunbangyan.cn/2023/09/17/f520st.jpg',796533),(5,'中心食堂','汉堡、炸鸡饮品','https://picss.sunbangyan.cn/2023/09/17/f78jol.jpg',796533),(6,'中心食堂','出茶','https://picss.sunbangyan.cn/2023/09/17/f78jol.jpg',796533),(7,'莘莘食堂','重邮鲜果','https://picdl.sunbangyan.cn/2023/09/17/fha1x0.jpg',342891),(8,'莘莘食堂','粤式肠粉','https://picdl.sunbangyan.cn/2023/09/17/ffs2a8.jpg',342891),(9,'莘莘食堂','杂粮鱼粉','https://picdl.sunbangyan.cn/2023/09/17/ffs2a8.jpg',342891),(10,'莘莘食堂','掉渣饼','https://picdm.sunbangyan.cn/2023/09/17/gl9zne.jpg',342891),(11,'莘莘食堂','汉堡炸鸡','https://picdl.sunbangyan.cn/2023/09/17/gk1u1p.jpg',342891),(12,'莘莘食堂','大众餐','https://picst.sunbangyan.cn/2023/09/17/gkoksg.jpg',342891),(13,'莘莘食堂','特色餐','https://picss.sunbangyan.cn/2023/09/17/gk7kpf.jpg',342891),(14,'莘莘食堂','南邻汤包','https://picdl.sunbangyan.cn/2023/09/17/fpqjgy.jpg',342891),(15,'莘莘食堂','爆爷炸串','https://picdm.sunbangyan.cn/2023/09/17/felt3e.jpg',342891),(16,'莘莘食堂','茶托邦','https://picdl.sunbangyan.cn/2023/09/17/feghff.jpg',342891),(17,'莘莘食堂','重庆小面','https://picst.sunbangyan.cn/2023/09/17/ff1j83.jpg',342891),(18,'莘莘食堂','大冒鲜','https://picdm.sunbangyan.cn/2023/09/17/fhmep3.jpg',342891),(19,'莘莘食堂','三汁焖锅','https://picdl.sunbangyan.cn/2023/09/17/fip35t.jpg',342891),(20,'莘莘食堂','水城羊肉粉','https://picss.sunbangyan.cn/2023/09/17/fgfptc.jpg',342891),(21,'莘莘食堂','刘水瓢米粉','https://picss.sunbangyan.cn/2023/09/17/fgfptc.jpg',342891),(22,'莘莘食堂','煎饼侠','https://picdm.sunbangyan.cn/2023/09/17/fi11xb.jpg',342891),(23,'莘莘食堂','土耳其烤肉饭','https://picdl.sunbangyan.cn/2023/09/17/gkata1.jpg',342891),(24,'莘莘食堂','青春百饺园','https://picss.sunbangyan.cn/2023/09/17/fhgk87.jpg',342891),(25,'莘莘食堂','黄焖鸡','https://picdm.sunbangyan.cn/2023/09/17/fgw9fa.jpg',342891),(26,'莘莘食堂','干锅脆皮鸡','https://picdl.sunbangyan.cn/2023/09/17/f9v4al.jpg',342891),(27,'莘莘食堂','精品大众套餐','https://picst.sunbangyan.cn/2023/09/17/fd75m0.jpg',342891),(28,'延生食堂','渝福冒菜','https://picst.sunbangyan.cn/2023/09/17/fmoop1.jpg',135587),(29,'延生食堂','F+牛肉饭','https://picdl.sunbangyan.cn/2023/09/17/fmrz5w.jpg',135587),(30,'延生食堂','芯薏饺子','https://picdl.sunbangyan.cn/2023/09/17/fmumwl.jpg',135587),(31,'延生食堂','牧童猪脚饭','https://picst.sunbangyan.cn/2023/09/17/fmx91d.jpg',135587),(32,'延生食堂','萌锅蒸饭','https://picss.sunbangyan.cn/2023/09/17/fn8w75.jpg',135587),(33,'延生食堂','渝味木桶饭','https://picst.sunbangyan.cn/2023/09/17/fnxjci.jpg',135587),(34,'延生食堂','羊大骨汤粉','https://picdm.sunbangyan.cn/2023/09/17/fnxria.jpg',135587),(35,'延生食堂','宜宾燃面老麻抄手','https://picss.sunbangyan.cn/2023/09/17/fnxlj8.jpg',135587),(36,'延生食堂','烤状元烤排饭','https://picdm.sunbangyan.cn/2023/09/17/fnxngq.jpg',135587),(37,'延生食堂','上膳间','https://picdm.sunbangyan.cn/2023/09/17/fnxtrq.jpg',135587),(38,'延生食堂','营养套饭','https://picdl.sunbangyan.cn/2023/09/17/fokz75.jpg',135587),(39,'小食荟','小食荟','https://picss.sunbangyan.cn/2023/09/17/fkgtac.jpg',279901),(40,'樱花食堂','面点','https://picst.sunbangyan.cn/2023/09/17/fl33s6.jpg',329910),(41,'樱花食堂','魔饭青年','https://picss.sunbangyan.cn/2023/09/17/flgyiu.jpg',329910),(42,'大西北','大西北','https://picst.sunbangyan.cn/2023/09/17/fm1j44.jpg',120033),(43,'千喜鹤','佬芋头麻辣烫','https://picdl.sunbangyan.cn/2023/09/17/ihp57i.jpg',398899),(44,'千喜鹤','黄焖鸡','https://picdm.sunbangyan.cn/2023/09/17/ihubiw.jpg',398899),(45,'千喜鹤','河南大饼','https://picdm.sunbangyan.cn/2023/09/17/idhu6d.jpg',398899),(46,'千喜鹤','肉蟹堡','https://picdm.sunbangyan.cn/2023/09/17/ieakkh.jpg',398899),(47,'千喜鹤','重庆小面','https://picss.sunbangyan.cn/2023/09/17/idn5mv.jpg',398899),(48,'千喜鹤','大袁卤肉饭','https://picss.sunbangyan.cn/2023/09/17/id22mt.jpg',398899),(49,'千喜鹤','贝克汉堡','https://picdm.sunbangyan.cn/2023/09/17/icbr4t.jpg',398899),(50,'千喜鹤','港式烧腊','https://picss.sunbangyan.cn/2023/09/17/idrnx5.jpg',398899),(51,'千喜鹤','金日升烤盘饭','https://picss.sunbangyan.cn/2023/09/17/id5kr4.jpg',398899),(52,'千喜鹤','小炒精品套餐','https://picss.sunbangyan.cn/2023/09/17/icf6fl.jpg',398899),(53,'千喜鹤','元气焖饭','https://picdl.sunbangyan.cn/2023/09/17/ie7aev.jpg',398899),(54,'千喜鹤','盖浇套餐饭','https://picdm.sunbangyan.cn/2023/09/17/ibd16b.jpg',398899),(55,'千喜鹤','美食美家','https://picst.sunbangyan.cn/2023/09/17/icyqbp.jpg',398899),(56,'千喜鹤','包粥坊','https://picdm.sunbangyan.cn/2023/09/17/icjneu.jpg',398899),(57,'千喜鹤','主饺食刻','https://picss.sunbangyan.cn/2023/09/17/ie4s2i.jpg',398899);
/*!40000 ALTER TABLE `dining` ENABLE KEYS */;
UNLOCK TABLES;

--
-- Table structure for table `dishes`
--

DROP TABLE IF EXISTS `dishes`;
/*!40101 SET @saved_cs_client     = @@character_set_client */;
/*!50503 SET character_set_client = utf8mb4 */;
CREATE TABLE `dishes` (
  `name` varchar(50) NOT NULL,
  `price` varchar(20) NOT NULL,
  `windowid` int NOT NULL
) ENGINE=InnoDB DEFAULT CHARSET=utf8mb4 COLLATE=utf8mb4_0900_ai_ci;
/*!40101 SET character_set_client = @saved_cs_client */;

--
-- Dumping data for table `dishes`
--

LOCK TABLES `dishes` WRITE;
/*!40000 ALTER TABLE `dishes` DISABLE KEYS */;
INSERT INTO `dishes` VALUES ('奶油馒头','1',1),('奶黄包','1',1),('芝麻球','1',1),('红糖锅盔','1',1),('酱肉包','1.5',1),('鲜肉包','1.5',1),('核桃包','1.5',1),('雪花包','1.5',1),('紫薯包','1.5',1),('豆沙包','1.5',1),('烧麦','1.5',1),('红糖手蒸馒头','1.5',1),('菜角','1.5',1),('春卷','1.5',1),('南瓜饼','1.5',1),('红豆卷','1.5',1),('香辣鸡丁','5',2),('五香花仁鸡丁','5',2),('芋头儿烧鸡','4.5',2),('冬瓜烧鸡','4.5',2),('辣子鸡','5',2),('香辣鸡柳','5',2),('孜然鸡脆骨','5',2),('香卤鸡腿','4.5',2),('蒜苔炒鸭脯','4.5',2),('尖椒鸭脯','4.5',2),('耗油鸭脯','4.5',2),('茄子烧鸭脯','4.5',2),('泡椒鸭脯','5',2),('回锅卤鸭','5',2),('姜爆鸭','5',2),('魔芋烧鸭','5',2),('香菇烧鸭','5',2),('红烧鸭块','5',2),('青椒肉丝','4.5',2),('茄子焖鸡片','4.5',2),('豆花鸡片','4.5',2),('水煮鸡片 ','5',2),('玉米鸡','5',2),('香菇炒鸡','5',2),('青椒炒鸡','5',2),('素米线','4',3),('三鲜米线','8',3),('杂酱米线','8',3),('鸡蛋米线','8',3),('肉丝米线','8',3),('猪肝米线','8',3),('排骨米线','9',3),('鸡丝米线','9',3),('牛肉米线','12',3),('时蔬小面','4',4),('素刀小面','4',4),('杂酱面','7',4),('鸡蛋面','7',4),('酸菜肉丝面','7',4),('排骨面','8',4),('香辣鸡腿堡+可口可乐','9',5),('香辣鸡腿堡+爱心土豆饼+可口可乐','12',5),('香辣鸡肉卷+爱心土豆饼+可口可乐','12',5),('香辣鸡肉卷+薯条+可口可乐','14',5),('香辣鸡腿堡+薯条+可口可乐','14',5),('香辣鸡腿堡+上校鸡块+可口可乐','14',5),('香辣鸡腿堡+香辣鸡腿+可口可乐','15',5),('香辣鸡腿堡+香辣鸡肉卷+可口可乐','15',5),('大鸡排+薯条+可口可乐','16',5),('爱心土豆饼','3',5),('上校鸡块','5',5),('香辣鸡腿堡','7',5),('藤椒鸡腿','7',5),('香辣鸡肉卷','8',5),('大鸡排','10',5),('薯条','6',5),('可口可乐','3',5),('雪碧','3',5),('芬达','3',5),('鲜榨柠檬汁','4',6),('手摇桃桃乐','5',6),('百香果茶','5',6),('金桔柠檬','6',6),('蜂蜜柚子茶','6',6),('斑斓冰豆花','10',6),('椰汁西米露','10',6),('珍珠奶茶','6',6),('红豆奶茶','6',6),('趣果奶茶','6',6),('布丁奶茶','6',6),('芋圆奶茶','7',6),('烧仙草奶茶','8',6),('厚酸奶','15',6),('奶盖红茶','12',6),('奶盖绿茶','12',6),('芝士奶茶','15',6),('水果捞(斤)','11.6',7),('鸡蛋肠粉','7',8),('鸡蛋瘦肉肠粉','9',8),('鸡蛋培根肠粉','9',8),('鸡蛋玉米肠粉','9',8),('鸡蛋火腿肠粉','9',8),('杂酱酸辣粉（小）','8',8),('杂酱酸辣粉（大）','10',8),('荤菜（两）','2.9',28),('素菜（两）','1.2',28),('肉末茄子','12',29),('手撕鸡','13',29),('咖喱鸡','13',29),('酱肉拌饭','13',29),('黑椒鸭脖','12',29),('南昌啤酒鸭','14',29),('红烧肉丁','14',29),('海苔照烧鸡','14',29),('巴西烤香鸡','14',29),('可乐鸡','14',29),('咖喱牛肉','15',29),('罗宋牛肉','15',29),('F+牛肉饭','20',29),('土耳其烤肉套餐','14',31),('洋葱拌肉套饭','14',31),('藤椒霸王腿','16',31),('宫保鸡丁套餐','13',31),('猪脚饭','15',31),('烟熏烤肉饭','15',31),('潮汕肉卷饭','13',31),('奥尔良胸排饭','14',31),('川味鸡丁饭','12',31),('杏鲍菇肉丁饭','13',31),('奥尔鸡块饭','13',31),('东坡肉饭','15',31),('藤椒鸡腿饭','11',32),('辣子鸡套饭','13',32),('风味茄子饭','11',32),('黑椒菌香鸡柳','12',32),('烤肉饭套餐','13',32),('咖喱鸡腿肉套饭','12',32),('鸡脚茄子饭','12',32),('状鸭套餐','14',32),('叉烧鸡套餐','14',32),('茶油小抄鸡套餐','15',32),('照烧鸡腿套餐','15',32),('蜜汁柠檬鸡柳套餐','14',32),('三杯鸡套餐','14',32),('黑椒雪花肉粒套餐','15',32),('把子肉套餐','15',32),('韭菜饺子（二两）','9',30),('香菇饺子（二两）','9',30),('清汤馄饨（二两）','9',30),('白菜饺子（二两）','9',30),('玉米饺子（二两）','9',30),('红汤馄饨（二两）','9',30),('鸡蛋瘦肉肠粉（二两）','9',30),('广东肠粉（二两）','7',30),('鸡蛋培根肠粉（二两）','11',30),('香辣酥肉套饭','13',33),('香辣猪拱嘴套饭','13',33),('香辣核桃肉','13',33),('香辣脆皮肠套饭','13',33),('香辣鱼豆腐套饭','11.5',33),('香辣鹌鹑蛋套饭','11.5',33),('香辣鸭心套饭','11.5',33),('港式烧鸭','15',33),('香辣三黄鸡套饭','13',33),('港式烧鸡套饭','15',33),('羊大骨原味羊杂粉','10',34),('羊大骨原汤酸菜粉','6',34),('红烧牛肉粉','10',34),('红烧肥肠粉','10',34),('浇汁QQ鸡饭','14',34),('浇汁嫩牛肉饭','18',34),('浇汁什锦丸子饭','13',34),('卤肉拌粉','10',34),('原味乌鸡米线','11',34),('卤肉拌粉','10',34),('辣鸡刀削面(二两)','8',35),('姜鸭丝拉面(二两)','8',35),('剁椒干拌面(二两)','6',35),('小炒肉刀削面(二两)','8',35),('酸菜鱼拉面(二两)','9',35),('剁椒杂酱干拌面(二两)','8',35),('香嫩里脊饭','12',36),('锡纸火腿什锦饭','11',36),('金汤鸡柳饭','13',36),('金汤肥牛饭','15',36),('金汤金针菇培根卷饭','13',36),('香辣锡纸烤鱼饭','15.5',36),('锡纸蟹排丸子饭','12',36),('招牌猪里脊饭','15.5',36),('咖喱鸡排饭','13',36),('黑椒烤牌饭','14',36),('锡纸爽口肉片饭','14',36),('锡纸金汤肥牛饭','15',36),('泡脚肉丝盖饭','11',37),('土豆肉丝盖饭','11',37),('榨菜肉丝盖饭','11',37),('酸菜肉丝盖饭','11',37),('木耳肉丝盖饭','11',37),('青笋肉丝盖饭','11',37),('雪花鸡排','4',10),('川香鸡柳','2.5',10),('鸡胸排','4.5',10),('火腿片','2',10),('大圣鸡柳棒','4',10),('培根','2',10),('里脊肉','3',10),('脆骨肠','3',10),('香豆腐','3',10),('弹力肠','2.5',10),('面筋肠','2',10),('千页豆腐','2',10),('年糕','2',10),('煎蛋','2',10),('鱼排','2',10),('脆皮茄子','2',10),('藕片','1.5',10),('豆干','1.5',10),('金针菇','1.5',10),('平菇','1.5',10),('热狗','1.5',10),('土豆片','1',10),('海带丝','1',10),('花菜','1.5',10),('青椒','1',10),('苕皮','1.5',10),('韭菜','1',10),('鸡腿堡','8',11),('小鸡排','4',11),('翅根','4',11),('可乐','4',11),('鸡腿堡','8',11),('上校鸡块','5',11),('半只鸡','10',11),('小薯条','6',11),('平菇鸡块','5',12),('芋儿鸡','5',12),('鱼香肉丝','5',12),('溜滑肉片','5',12),('黄豆红烧肉','5',12),('奥尔良腿排','5',12),('尖椒鸡','5',12),('粉蒸肉','5',12),('土豆粉圆子','5',12),('宫保鸡丁','5',12),('酸菜鱼','5',12),('水煮肉片','5',12),('红烧狮子头','4.5',12),('蒜苔鸡丝','4.5',12),('老豆腐片片肠','4.5',12),('土豆烧鸡','4.5',12),('五彩鸡丁','4.5',12),('香辣开花肠','4.5',12),('肉末茄子','3',12),('肉末豇豆','3',12),('青豆玉米','3',12),('酸汤粉丝','2',12),('香辣藕丁','2',12),('炒白菜','1.5',12),('炒时蔬','1.5',12),('米饭','1',12),('一荤一素','7',13),('一荤两素','9',13),('两荤一素','11',13),('二荤二素','12',13),('特色酱肉汤包','2',14),('特色鲜肉汤包','2',14),('虾仁肉包','2',14),('特色牛肉包','2',14),('梅干菜肉包','2',14),('特色香菇青菜包','1.5',14),('牛肉粉丝包','1.5',14),('香辣咸菜包','1.5',14),('麻辣豆腐包','1.5',14),('玫瑰豆沙包','1.5',14),('白糖芝麻包','1.5',14),('香辣豆角包','1.5',14),('白菜猪肉包','1',14),('豆沙包','1',14),('紫薯包','1.5',14),('玉米','3.8',14),('粽子','4.5',14),('淋糖糕','3',14),('紫薯糕','3',14),('奶香糕','3',14),('桂花糕','2.5',14),('枣泥糕','2.5',14),('肉丁烧卖','2',14),('红糖馒头','1',14),('南瓜馒头','1',14),('黑米馒头','1',14),('花卷','0.6',14),('白馒头','0.6',14),('五香茶叶蛋','2',14),('原味豆浆','2',14),('银耳汤','3',14),('八宝粥','3',14),('菜粥','1',14),('绿豆粥','0.5',14),('贵州爆浆豆腐','9.9',15),('农家小酥肉','9.9',15),('盐酥鸡肉块','9.9',15),('特色红糖糍粑','9.9',15),('招牌烤奶','8',16),('椰果烤奶','9',16),('红豆相思烤奶','9',16),('暴打柠檬山茶花','10',16),('金桔柠檬','9',16),('百香果双响炮','9',16),('生椰西瓜','10',16),('椰汁西米露','6',16),('芒果西米露','7',16),('蓝莓西米露','7',16),('生椰拿铁','14',16),('竹香拿铁','10',16),('现磨咖啡','7',16),('加浓美式','9',16),('葡萄冰美式','10',16),('招牌拿铁','12',16),('小面(米线)','4',17),('番茄鸡蛋面(米线)','6.5',17),('豇豆肉馍面(米线)','7.5',17),('酸菜肉丝面(米线)','7.5',17),('酸萝卜鸭子面(米线)','7.5',17),('火锅面(米线)','8',17),('泡椒肉丝面(米线)','8',17),('杂酱面(米线)','8',17),('红烧肉面(米线)','10',17),('牛肉面(米线)','14',17),('韭叶面','4',17),('干溜小面','4',17),('泡椒鸡杂面','10',17),('干杂面','8',17),('抄手','8.5',17),('荤菜','3两',18),('素菜','1.3两',18),('酱计鸡腿饭','14',19),('霸王鸭腿饭','14',19),('椒麻鸡肉饭','14',19),('相麻鸭肉饭','14',19),('酱汁酥肉饭','14',19),('香菇鸡肉饭','14',19),('招牌卤肉饭','15',19),('牛气冲天饭','16',19),('金牌肘子饭','16',19),('椒麻鱿鱼饭','12',19),('酱计莲藕饭','10',19),('酱汁香干饭','10',19),('干页豆腐饭','11',19),('酱汁腐竹饭','12',19),('椒麻三鲜饭','12',19),('软烂猪皮饭','13',19),('酱汁肉肠饭','13',19),('酱汁翅尖饭','13',19),('酱汁鸡排饭','13',19),('番茄鱼豆腐米粉','10',20),('番茄火腿米粉','11',20),('番茄鸭血米粉','11',20),('番茄滑肉米粉','14',20),('番茄酥肉米粉','14',20),('酸菜鱼豆腐米粉','10',20),('酸菜火腿米粉','11',20),('酸菜鸭血米粉','11',20),('酸菜滑肉米粉','14',20),('酸菜酥肉米粉','14',20),('泡椒鱼豆腐米粉','10',20),('泡椒火腿米粉','11',20),('泡椒鸭血米粉','11',20),('泡椒滑肉米粉','14',20),('泡椒酥肉米粉','14',20),('泡椒番茄鱼豆腐米粉','10',20),('泡椒番茄火腿米粉','11',20),('泡椒番茄鸭血米粉','11',20),('泡椒番茄滑肉米粉','14',20),('泡椒番茄酥肉米粉','14',20),('酱香饼','2.5',22),('鸡蛋饼','2',22),('玉米饼','2',22),('手抓饼','3',22),('红豆饼','3',22),('热狗卷饼','3.5',22),('牛舌肉饼','5',22),('葱油饼','3',22),('原味豆浆','2',22),('黑芝麻浆','3',22),('花生浆','3',22),('绿豆浆','3',22),('蜂宝浆','3',22),('黑米粥','2',22),('小米南瓜粥','2',22),('牛奶燕麦粥','2',22),('米酒汤圆','2.5',22),('绿豆粥','2',22),('海鲜虾仁粥','2.5',22),('水果粥','2',22),('番茄瘦肉粥','3',22),('香菇鸡粥','3',22),('椰奶西米露','3',22),('特色烤肉饭','12',23),('秘制鸡腿饭','12',23),('铁板鸭机饭','12',23),('香嫩里脊饭','12',23),('香酥鸡排饭','13',23),('孜然鸡柳饭','13',23),('麻辣鸡肉饭','13',23),('秘制鸭腿饭','13',23),('香辣QQ鸡','14',23),('麻辣小炒肉','13',23),('黑椒牛柳','13',23),('秘制鸭翅根','14',23),('香辣鸭腿','13',23),('香辣鸡杂','13',23),('糖醋里脊','14',23),('香辣照烧肉','14',23),('番茄鱼豆腐米粉','10',21),('番茄火腿米粉','11',21),('番茄鸭血米粉','11',21),('番茄滑肉米粉','14',21),('番茄酥肉米粉','14',21),('酸菜鱼豆腐米粉','10',21),('酸菜火腿米粉','11',21),('酸菜鸭血米粉','11',21),('酸菜滑肉米粉','14',21),('酸菜酥肉米粉','14',21),('泡椒鱼豆腐米粉','10',21),('泡椒火腿米粉','11',21),('泡椒鸭血米粉','11',21),('泡椒滑肉米粉','14',21),('泡椒酥肉米粉','14',21),('泡椒番茄鱼豆腐米粉','10',21),('泡椒番茄火腿米粉','11',21),('泡椒番茄鸭血米粉','11',21),('泡椒番茄滑肉米粉','14',21),('泡椒番茄酥肉米粉','14',21),('多款口味选择(/两)','1.68',24),('白菜鲜肉馅','10',24),('韭菜鲜肉馅','10',24),('莲藕鲜肉馅','11',24),('芹菜鲜肉馅','11',24),('鲜菇鲜肉馅','12',24),('玉米鲜肉馅','13',24),('贡菜鲜肉馅','13',24),('芹菜大葱牛肉馅','15',24),('酸菜面','6',24),('酸萝卜面','6',24),('豌豆面','7',24),('鸡丝面','9',24),('杂酱面','9',24),('豌杂酱面','11',24),('西红柿鸡蛋面','8',24),('肉沫豇豆面','10',24),('榨菜肉丝面','12',24),('红烧牛肉面','12',24),('泡椒鸡杂面','12',24),('辣子鸡面','12',24),('姜鸭面','12',24),('卤肉面','12',24),('素燃面双椒面','7',24),('鸡丝凉热燃面','9',24),('干馏宽饱面','9',24),('宜宾燃面','9',24),('肉沫豇豆燃面','10',24),('担担炸酱型面','10',24),('豌杂燃面','11',24),('鸡杂燃面','12',24),('辣子鸡燃面','12',24),('榨菜肉丝燃面','12',24),('牛肉燃面','12',24),('姜鸭燃面','12',24),('卤肉燃面','12',24),('土豆黄焖鸡','13',25),('粉条黄焖鸡','13',25),('泡面黄焖鸡','13',25),('金针菇黄焖鸡','13',25),('特色瓦香鸡','15',25),('正中台式卤肉饭','14',25),('双椒鸡','13',26),('辣子鸡','13',26),('碎米鸡丁','13',26),('姜爆鸭','13',26),('青椒肉丝','15',26),('酸菜鱼(小炒)','15',26),('双椒鸡(小炒)','25',26),('辣子鸡(小炒)','25',26),('碎米鸡丁(小炒)','25',26),('姜爆鸭(小炒)','25',26),('青椒肉丝(小炒)','25',26),('酸菜鱼(小炒)','25',26),('二荤一素','12',27),('二荤二素','14',27),('一荤一素','8',27),('一荤两素','10',27),('酸菜滑肉','5',40),('水煮肉片','5',40),('狮子头','5',40),('三鲜豆腐','5',40),('干豇豆烧肉','7',40),('酸菜鱼','5',40),('小火锅','5',40),('水煮鱼','5',40),('坨坨肉','8',40),('炒莲白','1',40),('炒花菜','2',40),('麻婆豆腐','2',40),('香辣藕','3',40),('蔬菜渔粉','8',9),('鸡蛋渔粉','10',9),('丸子渔粉','10',9),('里脊渔粉','11',9),('酥肉渔粉','12',9),('滑肉渔粉','12',9),('鱼片渔粉','12',9),('肥牛渔粉','15',9),('蔬菜疙瘩面','8',9),('鸡蛋疙瘩面','10',9),('丸子疙瘩面','10',9),('里脊疙瘩面','11',9),('酥肉疙瘩面','12',9),('滑肉疙瘩面','12',9),('鱼片疙瘩面','12',9),('肥牛疙瘩面','15',9),('暂无','0',38),('生煎包','1.5',39),('奶油馒头','1',39),('奶黄包','1',39),('核桃包','1.5',39),('雪花包','1.5',39),('紫薯包','1.5',39),('红糖手撕馒头','1.5',39),('红豆卷','1.5',39),('南瓜饼','1.5',39),('油条','2',39),('藤椒牛肉包','2',39),('奥尔良鸡肉包','2',39),('方糕','2.5',39),('马拉糕','2.5',39),('五彩燕麦包','2.5',39),('小笼包','6',39),('白鸡蛋','1',39),('卤鸡蛋','1.5',39),('煎鸡蛋','1.5',39),('叶儿粑','1',39),('芝麻球','1',39),('烧麦','1.5',39),('菜角','1.5',39),('春卷','1.5',39),('手抓饼','2.5',39),('葱油饼','2.5',39),('红糖锅盔','2.5',39),('玉米棒','4',39),('糯米鸡','4',39),('牛肉饼','4',39),('肉粽','4',39),('韭菜饼','4',39),('蒸饺','6',39),('南瓜粥','2',39),('蔬菜瘦肉粥','2',39),('红薯粥','2',39),('八宝粥','2',39),('绿豆粥','2',39),('土鸡米线','15',39),('老鸭汤米线','12',39),('番茄丸子米线','12',39),('红烧肉米线','12',39),('牛肉米线','15',39),('排骨米线','15',39),('特色炒饭','7',39),('水煮肉片套餐','10',39),('芋儿酥肉套餐','10',39),('尖椒鸡套餐','10',39),('西芹炒肉套餐','10',39),('回锅肉套餐','10',39),('糖醋排骨套餐','15',39),('红烧狮子头套餐','15',39),('耗油牛肉套餐','15',39),('五香猪蹄套餐','15',39),('热拌鸡套餐','15',39),('永和豆浆','2.5',39),('杂酱酸辣粉','8',39),('青椒肉丝','7',41),('双椒鲫鱼','9',41),('丸子汤','8',41),('泡豇豆牛肉丝','7',41),('菌类肉片汤','7',41),('鸡汤','8',41),('水煮牛肉','7',41),('老鸭汤','8',41),('大骨汤','10',41),('烧椒鸡块','7',41),('猪蹄汤','8',41),('碗碗烧白','9',41),('碗碗粉蒸肉','9',41),('碗碗粉蒸牛肉','12',41),('碗碗粉蒸排骨','9',41),('时蔬小面','4',41),('杂酱面','10',41),('辣子鸡面','11',41),('番茄鸡蛋面','6',41),('酸菜肉丝面','8',41),('红烧牛肉面','12',41),('豌杂面','9',41),('抄手','7',41),('刀削面','4',41),('水饺','8',41),('豇豆面','6',41),('煎鸡蛋','1.5',41),('素米线','6',41),('酸菜米线','10',41),('辣子鸡米线','11',41),('牛肉米线','12',41),('杂酱米线','10',41),('番茄鸡蛋米线','8',41),('老鸭汤米线','12',41),('荤菜（500g）','30',43),('素材（500g）','13',43),('麻辣豆腐盖饭','6',42),('红烧茄子盖饭','6',42),('大盘鸡盖饭','7',42),('土豆丝鸡蛋盖饭','6',42),('杂酱盖饭 ','7',42),('香菇牛肉盖饭','8',42),('孜然牛肉盖饭','9',42),('洋葱牛肉盖饭','7',42),('茄子牛肉盖饭','8',42),('土豆丝牛肉盖饭','7',42),('青椒牛肉盖饭','11',42),('酸辣白菜盖饭','5',42),('青椒土豆丝盖饭','5',42),('番茄鸡蛋盖饭','6',42),('土豆丝鸡肉盖饭','6',42),('木耳鸡肉盖饭','6',42),('香菇鸡肉盖饭','8',42),('杏鲍菇牛肉盖饭','8',42),('新疆盖饭','9',42),('豆干牛肉拌饭','8',42),('牛肉饺子','12',42),('特色烩饺','15',42),('炮仗面','14',42),('番茄牛肉炒面','15',42),('青椒牛肉炒面','15',42),('香菇牛肉面','15',42),('洋葱鸡蛋炒面','14',42),('南瓜鸡蛋炒面','14',42),('蒜苔牛肉炒面','15',42),('青菜拉面','5',42),('鸡肉拉面','6',42),('牛肉拉面','7',42),('红烧牛肉拉面','8',42),('打卤面','10',42),('鸡蛋拉面','6',42),('番茄鸡蛋拉面','6',42),('孜然牛肉拉面','8',42),('牛肉烩面','9',42),('臊子面','9',42),('干拌面','11',42),('麻辣豆腐拌面','7',42),('红烧茄子拌面','8',42),('大盘鸡拌面','9',42),('土豆丝鸡蛋拌面','9',42),('杂酱拌面','9',42),('香菇牛肉拌面','10',42),('孜然牛肉拌面','11',42),('洋葱牛肉拌面','11',42),('茄子牛肉拌面','10',42),('土豆丝牛肉拌面','10',42),('酸辣白菜拌面','7',42),('青椒土豆丝拌面','7',42),('番茄鸡蛋拌面','9',42),('土豆丝鸡肉拌面','9',42),('木耳鸡肉拌面','9',42),('香菇鸡肉拌面','10',42),('红烧牛肉拌面','11',42),('杏鲍菇牛肉拌面','10',42),('新疆拌面','10',42),('豆干牛肉拌面','10',42),('黄焖鸡','13',44),('麻辣黄焖鸡就','13',44),('黄焖酥肉','14',44),('黄焖排骨','15',44),('黄焖素菜','9',44),('瓦香鸡','14',44),('瓦香酥肉','14',44),('瓦香脆皮肠','13',44),('瓦香鹌鹑蛋','13',44),('瓦香千叶豆腐','12',44),('重庆鸡公煲','14',44),('瓦香鸡拼脆皮肠','14',44),('瓦香鸡拼豆腐','14',44),('瓦香鸡拼酥肉','14',44),('千层饼','2.5',45),('酱香饼','2.5',45),('披萨饼','3.5',45),('鸡蛋堡','3.5',45),('太阳饼','3.5',45),('手抓饼','5',45),('里脊肉饼','5',45),('酸菜饼','3',45),('鸡蛋皮加土豆','3',45),('鸡蛋皮加烤肠','3.5',45),('鸡蛋皮','2',45),('玉米饼','2',45),('红豆饼','3',45),('原磨豆浆','2',45),('花生浆','2',45),('黑米粥','2',45),('小米粥','2',45),('汤圆','2.5',45),('牛奶燕麦粥','2',45),('椰奶粥','2.5',45),('南瓜小米粥','2',45),('掉渣饼','4',45),('里脊肉','3',45),('鸡胸排','4.5',45),('川香鸡柳','2.5',45),('面筋串','2',45),('火腿片','2',45),('鱼豆腐','2',45),('培根','2',45),('千叶豆腐','2',45),('煎蛋','2',45),('鱼排','2',45),('平菇','1.5',45),('金针菇','1.5',45),('娃娃菜','1.5',45),('藕片','1.5',45),('海带丝','1',45),('土豆片','1',45),('青椒','1',45),('牛肉饼','6',45),('褒奖榴莲麻花','5',45),('麻园','2',45),('油条','2',45),('酥饼（肉馅）','5',45),('酥饼（素馅）','3',45),('火龙串','2.5',45),('雪花鸡排（掉渣饼）','4.5',45),('蟹排','2',45),('农家小酥肉','13',46),('豆腐煲','10',46),('肥牛堡','14',46),('翅膀尖尖','11',46),('香酥脆鸡排堡','12',46),('黑椒猪扒','13',46),('捞汁焖鸡','13',46),('猪蹄堡','15',46),('肌肉鸭的腿','14',46),('香辣大排骨','15',46),('鱿鱼不是鱼','14',46),('秘制鸡爪堡','15',46),('小面','4',47),('番茄鸡蛋面','7',47),('酸菜肉丝面','7.5',47),('泡椒牛肉面','7.5',47),('牛肉面(米线)','13',47),('杂酱米线','7.5',47),('酸萝卜鸭子面(米线)','7.5',47),('火锅面(米线)','8',47),('红烧肉烧面','8',47),('小面刀削面','6',47),('番茄鸡蛋刀削面','8',47),('酸菜肉丝刀削面','8',47),('泡椒肉丝刀削面','8',47),('牛肉刀削面','14',47),('杂酱刀削面','8.5',47),('酸萝卜鸭子刀削面','8.5',47),('火锅刀削面','9',47),('红烧肉烧刀削面','9',47),('鸡丝拌面','9',47),('煎蛋','2',47),('头牌卤肉饭','15',48),('骨汤滑肉饭','15',48),('猪肘饭','18',48),('肉末豇豆饭','10',48),('卤鸡腿饭','14',48),('猪头肉拌饭','15',48),('金牌猪脚饭','22',48),('辣卤鹌鹑蛋','4',48),('辣卤藕片','3',48),('辣卤海带结','3',48),('辣卤豆排','3',48),('辣翅','8',49),('脆皮鸡腿','8',49),('鸡翅包饭','12',49),('鸡柳条','8',49),('洋葱圈','6',49),('盐酥鸡块','8',49),('红豆派','5',49),('香芋派','5',49),('甜甜圈','5.5',49),('老婆饼','2.5',49),('绿豆饼','2.5',49),('葡式蛋挞','3.5',49),('榴莲酥','3.5',49),('脆皮手枪腿','9',49),('西域孜然扒翅','8',49),('农家小酥肉','8',49),('鱿米花','8',49),('紫薯饼','5',49),('脆皮香蕉','6',49),('南瓜饼','5',49),('芝士大鸡排','15',49),('杏鲍菇','8',49),('秘制大鸡排','12',49),('蛋包肠','3.5',49),('烤肉肠','3.5',49),('蟹黄堡','9',49),('芝士腿排堡','9',49),('牛肉堡','8',49),('鱿鱼堡','8',49),('虾堡','9',49),('鸡腿堡','8',49),('鸡肉卷','8',49),('鸡腿','8',49),('香酥鸡翅','8',49),('奥尔良烤全腿','9',49),('上校鸡块','7',49),('奥尔良烤翅','8',49),('半边鸡','12',49),('蜜汁全鸡','20',49),('骨肉相连','7',49),('黄金蝴蝶虾','7',49),('薯条（小）','6',49),('薯条（大）','7',49),('可乐/果汁（小）','3',49),('可乐/果汁（大）','4',49),('三鲜丸子拌饭','10',50),('香辣香肉拌饭','12',50),('孜然香肉拌饭','12',50),('黑椒香肉拌饭','12',50),('飘香肉肠拌饭','12',50),('黑椒肉柳拌饭','13',50),('奥尔良鸡丁拌饭','13',50),('麻辣鸡丁拌饭','13',50),('黑椒小酥肉拌饭','14',50),('油皇鸡拌饭','14',50),('黑椒五花肉拌饭','14',50),('香辣地道肠拌饭','14',50),('香汁牛肉拌饭','15',50),('全家福香肉拌饭','18',50),('香卤鸭腿饭','12',50),('香卤鸡腿饭','13',50),('明炉烤鸭饭','14',50),('脆皮烤鸡饭','14',50),('香辣辣肠饭','14',50),('美味肘子饭','15',50),('秘制叉烧','16',50),('自选烧烤（两）','3.3',51),('香锅鸡单人锅','16',52),('香锅鸡小锅','36',52),('香锅鸡中锅','56',52),('香锅鸡大锅','76',52),('米饭','1',52),('酸菜鱼','26',52),('酸汤猪肝','25',52),('酸汤滑肉','30',52),('番茄滑肉','30',52),('鱼香肉丝','16',52),('辣子鸡','18',52),('尖椒鸡','18',52),('宫保鸡丁','16',52),('回锅肉','16',52),('小炒肉','18',52),('盐煎肉','16',52),('水煮肉片','18',52),('毛血旺','26',52),('酱爆鸭丝','16',52),('青椒肉丝盖饭','12',52),('平菇肉丝盖饭','12',52),('香菇肉片盖饭','12',52),('洋葱肉丝盖饭','12',52),('土豆肉丝盖饭','12',52),('泡椒肉丝盖饭','12',52),('木耳肉丝盖饭','12',52),('糖醋酥肉盖饭','12',52),('尖椒鸡盖饭','12',52),('豆干肉丝盖饭','12',52),('回锅肉盖饭','12',52),('盐煎肉盖饭','12',52),('鱼香肉丝盖饭','12',52),('腊肉盖饭','12',52),('精品炒饭','12',52),('原味烤肉饭','12',53),('蜜汁烤肉饭','13',53),('日式照烧烤肉饭','13',53),('孜然烤肉饭','13',53),('黑胡椒烤肉饭','13',53),('密辣椒烤肉饭','13',53),('番茄沙司','13',53),('原味焖饭','8',53),('酱味腊肠焖饭','10',53),('香辣脆皮肠焖饭','10',53),('咖喱鸡焖饭','11',53),('奥尔良鸡肉焖饭','11',53),('香辣鸡肉焖饭','11',53),('孜然里脊焖饭','12',53),('蒜香排骨焖饭','14',53),('香辣腊肉焖饭','14',53),('黑胡椒牛肉焖饭','15',53),('一荤一素','7',53),('一荤两素','9',53),('两荤一素','11',53),('两荤两素','12',53),('三荤一素','14',53),('一荤一素','7',54),('一荤两素','9',54),('两荤一素','11',54),('两荤两素','12',54),('三荤一素','14',54),('一荤一素','7',55),('一荤两素','9',55),('两荤一素','11',55),('两荤两素','12',55),('三荤一素','14',55),('疯狂土豆','9.9',56),('疯狂爆汁豆腐','9.9',56),('疯狂苕皮土豆','9.9',56),('香酥鸡锁骨','9.9',56),('锅巴土豆','9.9',56),('烧烤豆干','3.9',56),('烧烤苕皮','3.9',56),('面筋','3.9',56),('鸡排','3.9',56),('黄金鱼排','4.9',56),('大豆干','4.9',56),('大肉串','4.9',56),('香嫩鸡里脊','4.9',56),('秘制牛肉','5.9',56),('鱿鱼须','5.9',56),('香辣鸡胗','5.9',56),('大香肠','9.9',56),('鸡中翅','9.9',56),('酱肉包','1.5',56),('鲜肉包','1.5',56),('鲜肉豇豆包','1.5',56),('鲜肉香菇包','1.5',56),('鲜肉芽菜包','1.5',56),('紫薯包','2.5',56),('椰奶包','2.5',56),('玫瑰豆沙包','1',56),('白糖芝麻包','1.5',56),('红糖馒头','1.5',56),('玉米馒头','1',56),('花卷','1',56),('白馒头','0.6',56),('紫薯糕','2.5',56),('马来糕','2.5',56),('豆浆','2',56),('八宝粥','2.5',56),('银耳汤','2.5',56),('蔬菜粥','2.5',56),('绿豆粥','2.5',56),('皮蛋瘦肉粥','2.5',56),('烧麦','2',56),('蒸饺','1',56),('麻园','2',56),('油条','2',56),('水煎包','0.6',56),('五香茶叶蛋','2',56),('白菜鲜肉馅','10',57),('韭菜鲜肉馅','10',57),('芹菜鲜肉馅','11',57),('香菇鲜肉馅','12',57),('玉米鲜肉馅','13',57),('芹菜牛肉馅','15',57),('素米粉','5',57),('素干拌米粉','7',57),('羊肉米粉','10',57),('鸭血米粉','10',57),('姜鸭米粉','12',57),('杂酱米粉','13',57),('牛肉米粉','13',57),('酸辣粉','11',57),('红糖大汤圆','5',57),('小汤圆','5',57),('大小双拼汤园','5',57),('卤蛋/煎蛋','1.5',57),('清汤抄手','10',57),('麻辣抄手','10',57),('藤椒抄手','10',57),('干拌抄手','10',57),('鸳鸯面','10',57),('虾仁抄手','15',57),('清汤馄饨（二两）','10',57),('红油馄饨','10',57),('藤椒馄饨','10',57),('干拌馄饨','10',57),('双椒面','7',57),('豌豆燃面','8',57),('鸡丝燃面','9',57),('干拌燃面','9',57),('杂酱燃面','10',57),('担担面','10',57),('鸭血燃面','10',57),('顽杂燃面','11',57),('牛肉燃面','12',57),('姜鸭燃面','12',57);
/*!40000 ALTER TABLE `dishes` ENABLE KEYS */;
UNLOCK TABLES;

--
-- Table structure for table `notices`
--

DROP TABLE IF EXISTS `notices`;
/*!40101 SET @saved_cs_client     = @@character_set_client */;
/*!50503 SET character_set_client = utf8mb4 */;
CREATE TABLE `notices` (
  `id` int NOT NULL,
  `updateTime` datetime NOT NULL,
  `msg` varchar(3000) NOT NULL,
  PRIMARY KEY (`id`)
) ENGINE=InnoDB DEFAULT CHARSET=utf8mb4 COLLATE=utf8mb4_0900_ai_ci;
/*!40101 SET character_set_client = @saved_cs_client */;

--
-- Dumping data for table `notices`
--

LOCK TABLES `notices` WRITE;
/*!40000 ALTER TABLE `notices` DISABLE KEYS */;
INSERT INTO `notices` VALUES (1,'2023-03-01 09:00:00','明天西餐厅将推出新菜品,欢迎尝试'),(2,'2023-03-02 12:30:00','中餐厅新增了自助餐选项'),(3,'2023-03-03 15:15:00','韩式炸酱面明天八五折优惠'),(4,'2023-03-04 18:45:00','周末在食堂预订烧烤派对'),(5,'2023-03-05 11:20:00','食堂新增了外卖骑手服务'),(6,'2023-03-06 13:50:00','本周食堂有新品免费试吃活动'),(7,'2023-03-07 16:30:00','食堂新增了在线点评系统'),(8,'2023-03-08 09:10:00','食堂新增了情侣及家庭套餐'),(9,'2023-03-09 12:40:00','食堂提供更多冷饮选择'),(10,'2023-03-10 17:15:00','食堂将推出披萨DIY活动'),(11,'2023-03-11 11:00:00','本周末食堂有新口味烤肉'),(12,'2023-03-12 15:20:00','食堂新增了微信支付功能'),(13,'2023-03-13 09:45:00','食堂开通了外卖自取服务'),(14,'2023-03-14 13:15:00','下周一中餐厅推出新菜品'),(15,'2023-03-15 18:30:00','食堂新增了KTV包厢'),(16,'2023-03-16 11:10:00','食堂推出多种新菜系'),(17,'2023-03-17 14:00:00','本周末食堂提供免费水果'),(18,'2023-03-18 09:40:00','食堂新增了自动点餐系统'),(19,'2023-03-19 16:45:00','食堂改造了就餐环境'),(20,'2023-03-20 12:15:00','韩餐厅推出韩式炸鸡'),(21,'2023-03-21 18:20:00','食堂新增了外卖窗口'),(22,'2023-03-22 11:30:00','本周四食堂有江浙菜专题'),(23,'2023-03-23 15:00:00','食堂新增了现打冰淇淋'),(24,'2023-03-24 09:55:00','西餐厅推出新款甜点'),(25,'2023-03-25 14:45:00','本周末食堂有披萨DIY活动'),(26,'2023-03-26 12:10:00','中餐厅推出四川火锅'),(27,'2023-03-27 18:15:00','韩餐厅推出韩式炸酱面'),(28,'2023-03-28 11:20:00','食堂新增了外卖自取柜'),(29,'2023-03-29 15:30:00','本周三食堂有粤菜专题'),(30,'2023-03-30 09:20:00','食堂推出多种中秋月饼'),(31,'2023-03-31 12:35:00','本周五西餐厅有烤肉活动'),(32,'2023-04-01 15:50:00','食堂新增了线上预订功能'),(33,'2023-04-02 18:45:00','中餐厅推出家常便饭套餐'),(34,'2023-04-03 11:30:00','韩餐厅新增泡菜坊自助餐'),(35,'2023-04-04 14:15:00','食堂本周有免费新品试吃活动'),(36,'2023-04-05 17:00:00','本周三食堂有鲁菜主题'),(37,'2023-04-06 09:55:00','食堂新增了外卖小哥'),(38,'2023-04-07 13:10:00','周末食堂有免费菠萝饭活动'),(39,'2023-04-08 15:30:00','食堂改善了桌椅布置'),(40,'2023-04-09 18:50:00','中西餐厅推出fusion菜系'),(41,'2023-04-10 12:00:00','本周食堂有折扣优惠券发放'),(42,'2023-04-11 09:15:00','食堂新增了评论礼品兑换'),(43,'2023-04-12 16:35:00','中餐厅推出川味火锅'),(44,'2023-04-13 11:45:00','食堂新增了就餐区wifi'),(45,'2023-04-14 14:30:00','周末食堂有免费赠送饮品'),(46,'2023-04-15 17:10:00','食堂新增了外卖骑手小哥'),(47,'2023-04-16 09:40:00','本周一中餐厅有河鲜主题'),(48,'2023-04-17 12:20:00','食堂改造了洗手间'),(49,'2023-04-18 15:50:00','本周二西餐厅新菜品面市'),(50,'2023-04-19 18:35:00','食堂新增了自动餐具清洗系统');
/*!40000 ALTER TABLE `notices` ENABLE KEYS */;
UNLOCK TABLES;

--
-- Table structure for table `schoolbus`
--

DROP TABLE IF EXISTS `schoolbus`;
/*!40101 SET @saved_cs_client     = @@character_set_client */;
/*!50503 SET character_set_client = utf8mb4 */;
CREATE TABLE `schoolbus` (
  `number` int NOT NULL,
  `picUrl` varchar(255) DEFAULT NULL,
  PRIMARY KEY (`number`)
) ENGINE=InnoDB DEFAULT CHARSET=utf8mb4 COLLATE=utf8mb4_0900_ai_ci;
/*!40101 SET character_set_client = @saved_cs_client */;

--
-- Dumping data for table `schoolbus`
--

LOCK TABLES `schoolbus` WRITE;
/*!40000 ALTER TABLE `schoolbus` DISABLE KEYS */;
INSERT INTO `schoolbus` VALUES (101,'https://picdl.sunbangyan.cn/2023/09/17/h5k428.png'),(102,'https://picst.sunbangyan.cn/2023/09/17/h5jwro.png'),(103,'https://picdl.sunbangyan.cn/2023/09/17/h5k21h.png');
/*!40000 ALTER TABLE `schoolbus` ENABLE KEYS */;
UNLOCK TABLES;

--
-- Table structure for table `user`
--

DROP TABLE IF EXISTS `user`;
/*!40101 SET @saved_cs_client     = @@character_set_client */;
/*!50503 SET character_set_client = utf8mb4 */;
CREATE TABLE `user` (
  `id` int NOT NULL,
  `name` varchar(50) DEFAULT NULL,
  `gender` varchar(10) NOT NULL,
  `grade` varchar(10) NOT NULL,
  `institute` varchar(30) NOT NULL,
  PRIMARY KEY (`id`)
) ENGINE=InnoDB DEFAULT CHARSET=utf8mb4 COLLATE=utf8mb4_0900_ai_ci;
/*!40101 SET character_set_client = @saved_cs_client */;

--
-- Dumping data for table `user`
--

LOCK TABLES `user` WRITE;
/*!40000 ALTER TABLE `user` DISABLE KEYS */;
INSERT INTO `user` VALUES (500,'张伟','男','大一','理学院'),(501,'王婷','女','大二','外国语学院'),(502,'李明','男','大三','理学院'),(503,'刘洋','女','大一','经济管理学院'),(504,'陈磊','男','大二','自动化学院'),(505,'杨晓婷','女','大三','生物信息学院'),(506,'黄艳','女','大四','理学院'),(507,'赵勇','男','大四','计算机科学与技术学院'),(508,'王佳音','女','大一','体育学院'),(509,'李晓磊','男','大二','先进制造工程学院'),(510,'张璐','女','大三','国际学院'),(511,'王婷婷','女','大二','自动化学院'),(512,'李俊杰','男','大四','理学院'),(513,'刘杰','女','大一','传媒艺术学院'),(514,'陈小芳','女','大二','计算机科学与技术学院'),(515,'刘小刚','男','大三','软件工程学院'),(516,'李萍','女','大四','通信与信息工程学院'),(517,'王志强','男','大一','理学院'),(518,'张丽丽','女','大二','自动化学院'),(519,'杨军','男','大三','计算机科学与技术学院'),(520,'李小刚','男','大一','生物信息学院'),(521,'刘宇航','男','大二','自动化学院'),(522,'王燕妮','女','大三','计算机科学与技术学院'),(523,'李子豪','男','大四','理学院'),(524,'刘梓良','男','大一','计算机科学与技术学院'),(525,'王玉兰','女','大二','现代邮政学院'),(526,'李金龙','男','大三','网络空间安全与信息法学院'),(527,'刘秋香','女','大四','传媒艺术学院'),(528,'王志伟','男','大一','理学院'),(529,'张兰英','女','大一','经济管理学院'),(530,'李梅','女','大二','光电工程学院/国际半导体学院'),(531,'王明阳','男','大三','理学院'),(532,'郭小华','女','大一','自动化学院'),(533,'刘小军','男','大二','外国语学院'),(534,'陈小丽','女','大三','国际学院'),(535,'李爱华','女','大四','理学院'),(536,'张志强','男','大一','计算机科学与技术学院'),(537,'王秀英','女','大二','计算机科学与技术学院'),(538,'陈伟','男','大一','体育学院'),(539,'杨帆','女','大二','光电工程学院/国际半导体学院'),(540,'张博','男','大三','理学院'),(541,'王晶','女','大一','生物信息学院'),(542,'李华','男','大二','通信与信息工程学院'),(543,'高芳','女','大三','外国语学院'),(544,'王刚','男','大四','计算机科学与技术学院'),(545,'李红梅','女','大一','计算机科学与技术学院'),(546,'张磊','男','大一','现代邮政学院'),(547,'王琳','女','大二','网络空间安全与信息法学院'),(548,'李华阳','男','大三','理学院'),(549,'刘婷婷','女','大一','计算机科学与技术学院'),(550,'陈思','男','大二','软件工程学院');
/*!40000 ALTER TABLE `user` ENABLE KEYS */;
UNLOCK TABLES;
/*!40103 SET TIME_ZONE=@OLD_TIME_ZONE */;

/*!40101 SET SQL_MODE=@OLD_SQL_MODE */;
/*!40014 SET FOREIGN_KEY_CHECKS=@OLD_FOREIGN_KEY_CHECKS */;
/*!40014 SET UNIQUE_CHECKS=@OLD_UNIQUE_CHECKS */;
/*!40101 SET CHARACTER_SET_CLIENT=@OLD_CHARACTER_SET_CLIENT */;
/*!40101 SET CHARACTER_SET_RESULTS=@OLD_CHARACTER_SET_RESULTS */;
/*!40101 SET COLLATION_CONNECTION=@OLD_COLLATION_CONNECTION */;
/*!40111 SET SQL_NOTES=@OLD_SQL_NOTES */;

-- Dump completed on 2023-09-17 15:23:51
